<pmanager id="1">
  <students id="2">
    <student id="3">
      <username>kman</username>
      <password>sdfhkjsd</password>
      <firstName>Cosmo</firstName>
      <lastName>Kramer</lastName>
      <id>5</id>
      <experience></experience>
      <degree>UNDERGRAD</degree>
      <jobs id="4"/>
      <applications id="5"/>
    </student>
    <student id="6">
      <username>vandelay</username>
      <password>shdfjkdf</password>
      <firstName>George </firstName>
      <lastName>Costanza</lastName>
      <id>6</id>
      <experience></experience>
      <degree>UNDERGRAD</degree>
      <jobs id="7"/>
      <applications id="8"/>
    </student>
    <student id="9">
      <username>elongatedalien</username>
      <password>shdfjd</password>
      <firstName>Trevor</firstName>
      <lastName>Lahey</lastName>
      <id>7</id>
      <experience></experience>
      <degree>UNDERGRAD</degree>
      <jobs id="10"/>
      <applications id="11"/>
    </student>
    <student id="12">
      <username>ggnoob</username>
      <password>ggnoob</password>
      <firstName>jacob</firstName>
      <lastName>shnaidman</lastName>
      <id>1</id>
      <experience></experience>
      <degree>UNDERGRAD</degree>
      <jobs id="13"/>
      <applications id="14"/>
    </student>
    <student id="15">
      <username>ggg</username>
      <password>ggg</password>
      <firstName>jacob</firstName>
      <lastName>shnaidman</lastName>
      <id>2</id>
      <experience></experience>
      <degree>UNDERGRAD</degree>
      <jobs id="16"/>
      <applications id="17"/>
    </student>
  </students>
  <instructors id="18">
    <instructor id="19">
      <username>kelvarnsen</username>
      <password>sdfjh3</password>
      <firstName>Jerry</firstName>
      <lastName>Seinfeld</lastName>
      <id>2</id>
      <courses id="20">
        <course id="21">
          <className>Newman</className>
          <cdn>271</cdn>
          <graderTimeBudget>1256.0</graderTimeBudget>
          <taTimeBudget>21.0</taTimeBudget>
          <jobs id="22"/>
        </course>
      </courses>
      <applications id="23"/>
      <jobs id="24"/>
    </instructor>
    <instructor id="25">
      <username>trailerparksupervisor</username>
      <password>sdfkhgrw</password>
      <firstName>Jim</firstName>
      <lastName>Lahey</lastName>
      <id>3</id>
      <courses id="26">
        <course id="27">
          <className>Drunk Driving</className>
          <cdn>123</cdn>
          <graderTimeBudget>8752125.0</graderTimeBudget>
          <taTimeBudget>211.0</taTimeBudget>
          <jobs id="28"/>
        </course>
        <course id="29">
          <className>Wraparound</className>
          <cdn>1411</cdn>
          <graderTimeBudget>36735.0</graderTimeBudget>
          <taTimeBudget>1111.0</taTimeBudget>
          <jobs id="30"/>
        </course>
        <course id="31">
          <className>Shit Analogies</className>
          <cdn>32</cdn>
          <graderTimeBudget>3423.0</graderTimeBudget>
          <taTimeBudget>2.0</taTimeBudget>
          <jobs id="32"/>
        </course>
      </courses>
      <applications id="33"/>
      <jobs id="34"/>
    </instructor>
    <instructor id="35">
      <username>ld</username>
      <password>sdfjdf</password>
      <firstName>Larry</firstName>
      <lastName>David</lastName>
      <id>4</id>
      <courses id="36">
        <course id="37">
          <className>Social Assassination</className>
          <cdn>232423</cdn>
          <graderTimeBudget>1221.0</graderTimeBudget>
          <taTimeBudget>2321.0</taTimeBudget>
          <jobs id="38"/>
        </course>
      </courses>
      <applications id="39"/>
      <jobs id="40"/>
    </instructor>
  </instructors>
  <admins id="41">
    <admin id="42">
      <username>kermit</username>
      <password>dsfds</password>
      <firstName>Kermit</firstName>
      <lastName>the Frog</lastName>
      <id>1</id>
      <intructors id="43"/>
      <students id="44"/>
    </admin>
  </admins>
</pmanager>